obs,elapsed,E,A,Ca,Ci,Pci,Pca,gsw,gbw,gtw,gtc,Rabs,TleafEB,TleafCnd,SVPleaf,RHcham,VPDleaf,Qin,Qabs,CO2_s,CO2_r,H2O_s,H2O_r,Flow,Tair,Tleaf,CO2_r_sp
1,0,0.003597068,34.29183384,367.921,128.6866205,12.9315337,36.97185296,0.246767082,2.403463975,0.233506093,0.147073341,237.7246344,27.91664942,27.3811,3.660058787,59.01438435,1.503182298,1499.99,1264.49166,367.921,399.975,21.4639,18.296,999.992,27.3567,27.3811,400
2,60,0.0035789,34.2771532,367.96,127.1834138,12.78016676,36.97486977,0.244968256,2.399979857,0.231876507,0.146040726,237.7262192,27.92598464,27.3815,3.660144529,58.9273249,1.506084038,1500,1264.50009,367.96,399.994,21.4364,18.2845,1000.02,27.3596,27.3815,400
3,120,0.003556824,34.33408982,367.883,124.9026049,12.55069349,36.96629688,0.242994855,2.397366641,0.230093979,0.144910727,237.7274752,27.93896557,27.3898,3.661924083,58.89519643,1.508344354,1500.01,1264.508385,367.883,399.962,21.4321,18.2995,999.979,27.3651,27.3898,400
4,180,0.003589324,34.32716506,367.928,127.3889273,12.7999333,36.96909896,0.245575584,2.406672682,0.232455195,0.146404869,237.7260626,27.93668093,27.4037,3.66490599,58.99206141,1.5065331,1500,1264.500347,367.928,400.011,21.4808,18.3198,1000,27.375,27.4037,400
5,240,0.003609043,34.42698074,367.816,127.2440494,12.78536375,36.95780961,0.246318862,2.403326741,0.233103908,0.146818144,237.7261096,27.95063299,27.4318,3.670940636,58.98070493,1.510530104,1500,1264.500045,367.816,399.995,21.5011,18.3228,1000,27.3944,27.4318,400
6,300,0.003590425,34.4951681,367.753,126.4149122,12.70137422,36.94950533,0.245955941,2.402287377,0.232773407,0.146608871,237.7259582,27.97845756,27.4615,3.677328315,59.24009756,1.504644794,1500,1264.500518,367.753,399.99,21.6244,18.4626,999.907,27.4162,27.4615,400
7,360,0.003613497,34.52004773,367.724,127.448233,12.80482809,36.94553071,0.247336548,2.401660558,0.234006634,0.14739189,237.7259582,28.00127048,27.4873,3.68288508,59.24499828,1.506214971,1500,1264.500518,367.724,399.986,21.6647,18.4832,1000.06,27.4461,27.4873,400
8,420,0.003631716,34.55209313,367.675,127.3598087,12.79608935,36.94102716,0.24758525,2.396609659,0.234202778,0.147518789,237.725953,28.01773125,27.5122,3.688254951,59.14632498,1.512524654,1500,1264.500302,367.675,399.973,21.6551,18.4574,1000.02,27.4672,27.5122,400
9,480,0.003616249,34.62304598,367.656,127.0204981,12.76195115,36.93898216,0.247702286,2.401296504,0.234332156,0.147598681,237.726903,28.03637811,27.5369,3.69358844,59.44147082,1.505106263,1500,1264.50144,367.656,400.013,21.7821,18.5984,1000.01,27.482,27.5369,400
10,540,0.003611067,34.64607854,367.625,126.4273764,12.70272679,36.93693622,0.247239021,2.402975337,0.23392618,0.147340202,237.726,28.04283221,27.5467,3.695706426,59.4682094,1.505573431,1500,1264.5,367.625,399.998,21.7979,18.6191,1000.1,27.4872,27.5467,400
11,600,0.003600715,34.58982131,367.669,126.9395413,12.75351264,36.93940588,0.247312923,2.404519101,0.23400041,0.147386587,237.7256607,28.04963119,27.534,3.692961893,59.51231952,1.500704117,1500,1264.499433,367.669,399.991,21.8202,18.6503,1000.01,27.4911,27.534,400
12,660,0.003600406,34.53742476,367.739,127.6195823,12.82137587,36.94511339,0.247602291,2.403495365,0.234254155,0.147548129,237.7243107,28.05153551,27.53,3.692097841,59.53242899,1.498893956,1499.99,1264.491741,367.739,400.013,21.8304,18.6609,1000.04,27.4927,27.53,400
13,720,0.003625303,34.62914552,367.655,126.4771883,12.70638692,36.93604155,0.247161508,2.403373161,0.233858847,0.147297278,237.7257233,28.06648861,27.57,3.7007463,59.33937041,1.511749236,1500,1264.49978,367.655,400.021,21.7889,18.5972,999.994,27.5154,27.57,400
14,780,0.003595321,34.82943891,367.393,122.5166154,12.30786592,36.90784117,0.244584335,2.402440919,0.23154502,0.145829212,237.7256607,28.16570575,27.7013,3.729259249,59.74456062,1.513721907,1500,1264.499433,367.393,399.927,22.0542,18.8899,1000.04,27.6051,27.7013,400
15,840,0.003663241,34.99656027,367.264,126.2577231,12.683614,36.89465245,0.250113587,2.39878821,0.236476157,0.14896087,237.7262192,28.19613127,27.7576,3.741543888,59.99937426,1.509926938,1500,1264.50009,367.264,399.974,22.2144,18.9905,999.931,27.656,27.7576,400
16,900,0.003660215,34.98752137,367.278,126.802379,12.73808146,36.89534157,0.250631146,2.398280201,0.236936146,0.14925314,237.7262192,28.22137167,27.7727,3.744844702,60.11839045,1.505636468,1500,1264.50009,367.278,399.976,22.2904,19.0697,1000.02,27.6802,27.7727,400
17,960,0.003649043,34.99178662,367.285,126.0777445,12.66542678,36.89645062,0.24980458,2.404229095,0.236228834,0.148801235,237.7257756,28.24171834,27.793,3.749286223,60.17809037,1.505482552,1500,1264.499694,367.285,399.985,22.3359,19.125,999.964,27.6983,27.793,400
18,1020.4,0.003659141,34.954696,367.346,126.5550445,12.71308965,36.90175014,0.249990095,2.408488865,0.23641741,0.148918894,237.7260104,28.2473884,27.7886,3.748323139,60.03870933,1.508447399,1500,1264.500432,367.346,400.014,22.2973,19.0776,1000.03,27.708,27.7886,400
19,1080.4,0.00360231,34.86741926,367.366,123.517934,12.40717353,36.90131112,0.245978028,2.39970392,0.232779818,0.146614151,237.7246344,28.2969388,27.8307,3.757546959,60.19300713,1.507975869,1499.99,1264.49166,367.366,399.938,22.3953,19.2258,999.991,27.738,27.8307,400
20,1140.4,0.003597149,34.94121445,367.385,122.3056011,12.2849998,36.90202747,0.2451818,2.400885015,0.232072532,0.146164711,237.72612,28.32479714,27.8664,3.765384094,60.24852053,1.510250707,1500,1264.500477,367.385,400.022,22.4514,19.2866,999.984,27.7645,27.8664,400
21,1200.4,0.003607402,34.98568793,367.311,122.0317597,12.25741847,36.8943679,0.245333627,2.395034717,0.232178371,0.146234617,237.7276945,28.35653728,27.9111,3.775217083,60.2995101,1.513729367,1500.01,1264.508475,367.311,399.99,22.5148,19.3413,1000.02,27.7982,27.9111,400
22,1260.4,0.003580441,35.07373367,367.204,119.8914174,12.04241705,36.88357187,0.24374209,2.400774956,0.230781396,0.145345383,237.7261096,28.40450568,27.9551,3.784917961,60.47767567,1.511339716,1500,1264.500045,367.204,399.952,22.6352,19.4859,1000.05,27.839,27.9551,400
23,1320.4,0.0036037,35.19851975,367.18,120.8411515,12.13761359,36.88055683,0.245718356,2.396058209,0.232528311,0.146456237,237.7257912,28.44202436,28.0105,3.797163174,60.69699747,1.50949994,1500,1264.500342,367.18,400.051,22.7758,19.6062,999.956,27.8828,28.0105,400
24,1380.4,0.003557339,35.09548111,367.229,119.8966771,12.04303959,36.88637162,0.243818424,2.40451958,0.230868887,0.145399179,237.726,28.46897675,28.017,3.79860215,60.91679086,1.500738565,1500,1264.5,367.229,399.99,22.8768,19.7485,1000.02,27.8971,28.017,400
25,1440.4,0.003556054,35.04843118,367.259,120.7862395,12.13243192,36.88950691,0.2443961,2.401936996,0.231373699,0.145720722,237.7261096,28.48243666,28.0193,3.79911144,60.98780225,1.496890971,1500,1264.500045,367.259,399.977,22.9201,19.7931,1000.03,27.9096,28.0193,400
26,1500.4,0.003586967,35.04179993,367.283,122.539861,12.30834307,36.8912216,0.246237385,2.401723044,0.233022609,0.146767298,237.7254415,28.4782227,28.0228,3.799886561,60.92807549,1.49919609,1500,1264.499343,367.283,400.005,22.9053,19.7511,1000.04,27.915,28.0228,400
27,1560.4,0.003551615,35.08381468,367.249,119.8208732,12.03559896,36.8889123,0.243628788,2.403954323,0.230695947,0.145289695,237.7257808,28.48817627,28.0111,3.797295983,60.85409149,1.49947963,1500,1264.49991,367.249,399.998,22.876,19.7527,1000.01,27.9144,28.0111,400
28,1620.4,0.003554016,35.11529035,367.211,119.3738988,11.99055245,36.88463558,0.243424577,2.404809797,0.230517122,0.145175825,237.7262192,28.4931404,28.0223,3.799775821,60.84223236,1.501616461,1500,1264.50009,367.211,399.989,22.8797,19.7543,1000.01,27.9203,28.0223,400
29,1680.4,0.003559311,35.12887647,367.213,119.9250629,12.04590532,36.88480893,0.244098261,2.405939859,0.231127055,0.145562355,237.7260052,28.48474442,28.0093,3.796897569,60.83413563,1.499915135,1500,1264.500216,367.213,400.004,22.868,19.738,1000.04,27.9138,28.0093,400
30,1740.4,0.003571012,35.16811424,367.161,119.5025615,12.00345726,36.87955567,0.244031416,2.40117251,0.231042843,0.145511113,237.7261096,28.49152544,28.0304,3.801570155,60.78026604,1.505363024,1500,1264.500045,367.161,399.994,22.8603,19.7197,999.949,27.9232,28.0304,800
31,1800.4,0.003557712,38.49366163,762.837,479.647378,48.1784682,76.6236194,0.240912375,2.400502668,0.228241112,0.143733595,237.7271203,28.54031203,28.0859,3.813884567,60.61210589,1.518079867,1500.01,1264.50717,762.837,799.922,22.8562,19.7276,1000.05,27.9677,28.0859,800
32,1860.4,0.002671944,38.13358487,763.766,391.7286617,39.34726925,76.71663932,0.176585209,2.40355709,0.169681439,0.106648686,237.7283782,28.86431416,28.1915,3.837411361,60.65933735,1.533338775,1500.01,1264.509825,763.766,799.92,22.9386,20.5892,1000.08,28.016,28.1915,800
33,1920.4,0.001953365,36.92557377,765.267,277.0555403,27.82920281,76.8682356,0.127481648,2.404244595,0.123841967,0.077719585,237.7259478,29.14897762,28.3366,3.869944876,61.24387454,1.535412243,1500,1264.500086,765.267,799.846,23.2416,21.5244,999.982,28.0768,28.3366,800
34,1980.4,0.001594113,35.792863,766.54,203.8239025,20.47339762,76.99626011,0.106152239,2.40280825,0.103614078,0.064981788,237.7256137,29.33641186,28.4891,3.904396637,62.88539994,1.496824612,1500,1264.499735,766.54,799.853,23.9687,22.5684,1000.01,28.1516,28.4891,800
35,2040.4,0.001628983,35.7644002,766.695,207.898984,20.88302821,77.01294639,0.106893286,2.397665559,0.10431465,0.065423156,237.7256033,29.40286396,28.6006,3.929754964,62.69139031,1.519094399,1500,1264.499303,766.695,800.007,23.9991,22.5682,1000,28.2267,28.6006,800
36,2100.4,0.001564067,36.36455099,766.164,176.5636209,17.73574262,76.96085661,0.1027288,2.401416978,0.100348392,0.062927021,237.7260626,29.48958402,28.6787,3.947602598,62.98741278,1.515929065,1500,1264.500347,766.164,799.971,24.2079,22.8343,999.988,28.2949,28.6787,800
37,2160.4,0.001588017,36.8061371,765.722,182.7809996,18.36090158,76.91907972,0.105237023,2.398601947,0.102737622,0.064430631,237.727303,29.51905696,28.7038,3.953353512,63.33408965,1.503214191,1500.01,1264.507993,765.722,799.943,24.3909,22.9965,999.968,28.3306,28.7038,800
38,2220.4,0.001618164,37.64827725,765.034,178.5460375,17.93492786,76.84757273,0.107010055,2.399991534,0.104428295,0.065494457,237.7240863,29.52766819,28.7087,3.954477053,63.19870224,1.506915301,1499.99,1264.491435,765.034,800.035,24.366,22.945,999.903,28.3493,28.7087,800
39,2280.4,0.001747034,38.43094136,764.27,221.4210525,22.24163712,76.77055006,0.118525933,2.399416279,0.1153667,0.072381018,237.7278041,29.3987742,28.555,3.919366897,63.49727717,1.472939073,1500.01,1264.50852,764.27,800.061,24.3548,22.8207,999.959,28.2603,28.555,800
40,2340.4,0.001723117,37.75223351,764.81,222.3964019,22.34013467,76.82659546,0.116493722,2.400323305,0.113441512,0.071168513,237.7291697,29.22782984,28.3102,3.864007773,62.56586415,1.478346153,1500.02,1264.51686,764.81,799.976,23.7493,22.2352,999.917,28.0821,28.3102,800
41,2400.4,0.001666087,37.31564709,765.285,206.9059849,20.78245565,76.86825287,0.111657624,2.402212203,0.108852431,0.068278935,237.7263289,29.10781889,28.1603,3.830447121,61.86825708,1.490163213,1500,1264.500135,765.285,800.018,23.2994,21.8348,999.96,27.945,28.1603,800
42,2460.4,0.001698364,37.63035403,764.913,209.9719563,21.09221004,76.83743078,0.113361264,2.407786914,0.110477518,0.069301432,237.7274126,28.98980238,28.0556,3.807157257,61.44308759,1.497231699,1500.01,1264.508038,764.913,799.95,22.9952,21.5018,999.986,27.8394,28.0556,800
43,2520.4,0.001704926,37.67114023,764.858,211.2715364,21.22188104,76.82873785,0.113789024,2.400181223,0.110874822,0.069552377,237.7274282,28.92236026,27.9836,3.791213084,61.24895423,1.497816125,1500.01,1264.508687,764.858,799.938,22.8316,21.3321,999.933,27.7706,27.9836,800
44,2580.5,0.001698131,37.73593926,764.862,208.5916328,20.95317073,76.83090571,0.113404713,2.401169153,0.110511052,0.069323241,237.7262192,28.90855458,27.9949,3.793711573,61.39981019,1.496746122,1500,1264.50009,764.862,799.994,22.8666,21.3732,999.98,27.7551,27.9949,800
45,2640.5,0.001699352,37.75712198,764.801,204.1242217,20.50429603,76.82432775,0.112543548,2.404611138,0.109697041,0.068810402,237.7258956,28.94142412,28.0652,3.809287561,61.36966366,1.508779645,1500,1264.500171,764.801,799.95,22.902,21.4077,1000.06,27.7899,28.0652,800
46,2700.5,0.001679057,38.15626698,764.407,188.1011571,18.89460567,76.78405099,0.110513077,2.4054512,0.107767938,0.067595922,237.7244152,29.03778732,28.1827,3.83544597,61.51998493,1.517089103,1499.99,1264.49157,764.407,799.901,23.0799,21.6037,1000.05,27.8804,28.1827,800
47,2760.5,0.001682193,38.42899028,764.154,188.1121968,18.89505395,76.75595364,0.111361224,2.403862652,0.108572568,0.068102588,237.7244256,29.16928383,28.3577,3.87469578,62.32343852,1.507924804,1499.99,1264.492002,764.154,799.897,23.5627,22.0844,1000,28.0123,28.3577,800
48,2820.5,0.001746334,38.85259796,763.779,197.1575956,19.80193301,76.71173176,0.11462219,2.399138616,0.111664504,0.070049694,237.7262192,29.2963998,28.5349,3.914795557,62.49311332,1.521420139,1500,1264.50009,763.779,799.948,23.8296,22.2953,999.966,28.1575,28.5349,800
49,2880.5,0.001828135,39.08861611,763.526,228.1953865,22.91982436,76.68814906,0.122435189,2.398212662,0.11906567,0.074711057,237.7243003,29.32196916,28.5501,3.918252062,63.12665922,1.493452349,1499.99,1264.491309,763.526,799.962,24.1419,22.5363,1000,28.2083,28.5501,800
50,2940.5,0.001765198,38.30214063,764.317,223.7221957,22.47001167,76.76579366,0.118669496,2.396937671,0.115499534,0.072464964,237.7256659,29.26737677,28.4227,3.88936326,62.81804571,1.486917537,1500,1264.499649,764.317,800.006,23.9199,22.3691,999.921,28.1334,28.4227,800
51,3000.5,0.001720765,37.77592427,764.813,217.4152434,21.83632825,76.81479671,0.115462093,2.402655736,0.112465783,0.070553845,237.7261096,29.17727027,28.3032,3.862434874,62.42790941,1.489000446,1500,1264.500045,764.813,799.996,23.6313,22.1192,999.994,28.0318,28.3032,800
52,3060.5,0.001672387,37.73812449,764.909,201.4629038,20.23589222,76.83109787,0.11188038,2.401077701,0.109062841,0.068411511,237.7274804,29.12274716,28.2302,3.846065042,62.15447642,1.492704675,1500.01,1264.508601,764.909,800.025,23.4294,21.9595,999.989,27.9614,28.2302,800
53,3120.5,0.001657413,37.89594817,764.715,194.2934564,19.51530418,76.80982215,0.110901292,2.405344351,0.108136973,0.067828232,237.7241959,29.10991933,28.2206,3.843916806,62.17295561,1.49199737,1499.99,1264.49148,764.715,799.961,23.4156,21.9589,1000.03,27.9458,28.2206,800
54,3180.5,0.001682291,38.0029619,764.664,198.7138447,19.95904311,76.80371623,0.112159826,2.4044738,0.109332276,0.06858078,237.7258278,29.0853736,28.2025,3.839869334,61.97143544,1.497923682,1500,1264.499609,764.664,800.023,23.3166,21.8379,1000.04,27.9286,28.2025,800
55,3240.5,0.001674557,38.01882977,764.634,193.1686634,19.40188798,76.79994754,0.111081075,2.399008287,0.10830078,0.06793199,237.7244778,29.10798037,28.2316,3.846378414,61.88740723,1.505178968,1499.99,1264.491916,764.634,800.004,23.3094,21.8374,999.981,27.9464,28.2316,800
56,3300.5,0.00167055,38.37040533,764.261,182.3252162,18.31303954,76.76361065,0.110018528,2.396441086,0.107287621,0.067294478,237.7245248,29.1704172,28.3052,3.862884217,61.83110095,1.515603804,1499.99,1264.491615,764.261,799.942,23.3696,21.9013,1000.04,28.0065,28.3052,800
57,3360.5,0.001732872,38.49863479,764.177,203.5455732,20.44322503,76.75058773,0.11481937,2.39634977,0.111848283,0.070165714,237.7245248,29.21349845,28.3711,3.877715583,62.20378543,1.507656004,1499.99,1264.491615,764.177,800.018,23.5978,22.075,999.988,28.0691,28.3711,800
58,3420.5,0.001719517,38.44622233,764.149,196.4835196,19.73228992,76.74134522,0.113164651,2.404550343,0.110287,0.069181826,237.7245248,29.29890477,28.4986,3.906551635,62.41367632,1.516705619,1499.99,1264.491615,764.149,799.937,23.7968,22.2859,999.893,28.154,28.4986,800
59,3480.5,0.00174288,38.78058478,763.867,200.2309878,20.10987668,76.71775156,0.115032816,2.398886426,0.112053893,0.070294902,237.7262192,29.3710195,28.5764,3.924239012,62.69429271,1.512863472,1500,1264.50009,763.867,799.967,24.0097,22.4788,1000.02,28.231,28.5764,800
60,3540.5,0.001808891,38.64950395,764.008,234.0385285,23.5050593,76.7311838,0.122289655,2.407389837,0.118940459,0.074631059,237.726,29.29271265,28.4557,3.896828344,63.04990979,1.479399547,1500,1264.5,764.008,800.036,24.0702,22.4814,1000.01,28.1769,28.4557,100
61,3600.5,0.002082686,5.959341478,95.2438,25.63038123,2.574076001,9.565397314,0.143829949,2.40688621,0.139219982,0.087414367,237.7277623,29.05505794,28.2286,3.84570693,62.88985806,1.455768652,1500.01,1264.509038,95.2438,100.786,23.7969,21.967,999.952,28.0242,28.2286,100
62,3660.5,0.003520531,9.422602577,91.269,25.44768468,2.555967613,9.167066118,0.245377696,2.400713992,0.232247192,0.146275639,237.7276945,28.44593566,27.9503,3.783858628,61.29875143,1.476358159,1500.01,1264.508475,91.269,100.038,22.9739,19.8784,1000.06,27.8617,27.9503,100
63,3720.5,0.003699655,10.12939473,90.5872,22.79630722,2.28961245,9.098385055,0.256387123,2.397911218,0.242073076,0.152515098,237.7258852,28.36793945,27.9367,3.780858588,60.97407872,1.488605347,1500,1264.499739,90.5872,100.005,22.8226,19.569,1000.03,27.8391,27.9367,100
64,3780.5,0.003927041,10.35496107,90.3491,24.75208609,2.486136407,9.074798224,0.271931513,2.400935634,0.255906393,0.161302535,237.7274804,28.28101374,27.9102,3.775018883,60.70611813,1.49487653,1500.01,1264.508601,90.3491,99.9876,22.7012,19.2472,1000.03,27.8238,27.9102,100
65,3840.5,0.004042245,10.64883184,90.0626,23.92342993,2.402860762,9.045855392,0.277581003,2.40357249,0.260922136,0.16448969,237.7278041,28.28109132,27.9694,3.788075426,60.54779986,1.509029618,1500.01,1264.50852,90.0626,99.974,22.6907,19.1353,1000.02,27.8603,27.9694,100
66,3900.5,0.004179704,11.0482968,89.6972,23.25504388,2.335794187,9.009408858,0.287133694,2.400568544,0.269327139,0.169837208,237.7255355,28.30579149,28.0475,3.805360622,60.70437445,1.511445311,1500,1264.49874,89.6972,99.9783,22.8381,19.1622,999.979,27.9275,28.0475,100
67,3960.5,0.004278605,11.33389496,89.4325,23.07749987,2.317933326,8.982713611,0.295404725,2.393839797,0.276544335,0.174434299,237.7246344,28.35296041,28.1346,3.824718836,61.07266225,1.506474129,1499.99,1264.49166,89.4325,99.9786,23.0806,19.3183,999.885,28.0047,28.1346,100
68,4020.5,0.004500222,11.65276009,89.1612,24.08127574,2.418622121,8.954976183,0.310673825,2.40238063,0.289955493,0.182968378,237.726,28.33924002,28.1974,3.838729557,61.12191297,1.510949177,1500,1264.5,89.1612,100.01,23.1768,19.2204,999.982,28.0613,28.1974,100
69,4080.5,0.004526396,11.86256491,88.9636,23.48306122,2.358443384,8.934764163,0.314343069,2.412329934,0.293231465,0.185048172,237.7256137,28.39303232,28.2323,3.846535108,61.32298707,1.502509819,1500,1264.499735,88.9636,100.001,23.3395,19.3613,1000.12,28.1243,28.2323,100
70,4140.5,0.004678427,12.17743612,88.6593,24.08542189,2.418975993,8.904337209,0.328189648,2.403465698,0.305171695,0.19266568,237.7262192,28.34121104,28.1881,3.836651901,61.35020508,1.492310017,1500,1264.50009,88.6593,99.9923,23.3423,19.23,1000,28.119,28.1881,100
71,4200.9,0.00488021,12.36291179,88.4907,26.33314429,2.644785937,8.887619204,0.347769521,2.399203007,0.321996427,0.203403977,237.7276527,28.14384004,27.9676,3.787677856,60.97236759,1.475991135,1500.01,1264.508993,88.4907,100.006,23.0166,18.7255,999.999,27.9843,27.9676,100
72,4260.9,0.004936116,12.51676772,88.3306,25.98998596,2.610465923,8.872033316,0.351244959,2.399309645,0.324976084,0.205306248,237.7270837,27.99557208,27.8062,3.752176772,60.3928598,1.479864897,1500.01,1264.507903,88.3306,99.9881,22.6233,18.2813,1000,27.8535,27.8062,100
73,4320.9,0.005008715,12.64041636,88.2518,25.76602069,2.587873131,8.863784779,0.354037025,2.404702966,0.327420852,0.206862391,237.726,27.91423199,27.7492,3.739708773,59.97940959,1.490633289,1500,1264.5,88.2518,100.026,22.3928,17.9859,1000,27.7951,27.7492,100
74,4380.9,0.005068018,12.74298014,88.1506,25.92129972,2.603512481,8.853768515,0.358741761,2.402716742,0.331421984,0.209419668,237.7259008,27.85161158,27.6917,3.727168049,59.80833394,1.490288452,1500,1264.500387,88.1506,100.021,22.271,17.8115,1000.03,27.7509,27.6917,100
75,4440.9,0.005118282,12.82238042,88.0454,25.74731425,2.586116295,8.843471651,0.36070901,2.403618257,0.333110639,0.210497512,237.7274752,27.81680273,27.6872,3.726188151,59.6543047,1.497557039,1500.01,1264.508385,88.0454,99.991,22.1882,17.684,1000.01,27.7318,27.6872,100
76,4500.9,0.005170015,12.87616407,88.0058,25.61502423,2.57278182,8.839332738,0.361831551,2.399773268,0.334027398,0.211086888,237.7254415,27.85634099,27.7712,3.744516693,59.66295865,1.508312896,1500,1264.499343,88.0058,100.003,22.264,17.7149,1000.07,27.7874,27.7712,100
77,4560.9,0.005181045,12.91797083,87.9437,25.24364488,2.535264618,8.832343826,0.361134229,2.399350071,0.333428261,0.210704523,237.7262192,27.91460624,27.8519,3.762199226,59.77046192,1.513882802,1500,1264.50009,87.9437,99.9806,22.3865,17.8277,999.946,27.8491,27.8519,100
78,4620.9,0.005184821,13.02083454,87.8712,24.78977824,2.489635024,8.824896092,0.361788784,2.396258453,0.333953518,0.211043088,237.7241333,28.01298207,27.9786,3.790108016,60.20856661,1.512126827,1499.99,1264.491134,87.8712,100,22.6823,18.1218,999.999,27.9486,27.9786,100
79,4680.9,0.005226642,13.07920426,87.7979,25.11522237,2.522087031,8.81672245,0.365957225,2.405207009,0.337600933,0.213364888,237.7245248,28.06422064,28.0149,3.798137198,60.31444576,1.507552145,1499.99,1264.491615,87.7979,99.9825,22.8099,18.2131,999.974,28.0131,28.0149,100
80,4740.9,0.005285907,13.20529762,87.6955,25.81470761,2.592312086,8.806379216,0.37496158,2.403756203,0.345236963,0.218247041,237.7273082,28.034278,27.9699,3.788185868,60.53043774,1.490938535,1500.01,1264.508209,87.6955,99.9975,22.8764,18.2279,999.997,28.0016,27.9699,100
81,4800.9,0.005394836,13.23048254,87.6776,27.43442754,2.754914898,8.804423791,0.387027236,2.403236844,0.355438894,0.224772157,237.7261096,27.87598248,27.7716,3.744604159,60.14354953,1.478527658,1500,1264.500045,87.6776,100.01,22.5664,17.8209,1000.06,27.8773,27.7716,100
82,4860.9,0.005450339,13.23850922,87.6327,27.73755747,2.78558257,8.800635094,0.389857198,2.399957586,0.357785769,0.226277327,237.7272456,27.72034249,27.5997,3.707179212,59.46507364,1.484683101,1500.01,1264.507863,87.6327,99.9771,22.1306,17.3339,1000.01,27.739,27.5997,100
83,4920.9,0.005463185,13.25636367,87.6615,27.48544314,2.760299123,8.803640544,0.388411831,2.403297745,0.356607747,0.225519898,237.7254415,27.63374228,27.523,3.690586176,59.0712218,1.493439567,1500,1264.499343,87.6615,100.023,21.8779,17.0687,1000.02,27.6564,27.523,100
84,4980.9,0.005441793,13.20113354,87.7058,27.41172915,2.752808371,8.807808481,0.385929686,2.397330602,0.354441824,0.224140719,237.7260104,27.61158717,27.5112,3.688039162,59.01443228,1.496696887,1500,1264.500432,87.7058,100.016,21.8208,17.0302,1000.03,27.6276,27.5112,100
85,5040.9,0.005434767,13.15245189,87.7426,27.06050168,2.717558648,8.811575787,0.381629165,2.40784743,0.350932168,0.221884482,237.726,27.63214081,27.5595,3.69847437,58.88319553,1.50966507,1500,1264.5,87.7426,100.008,21.7954,17.0111,1000.08,27.6459,27.5595,100
86,5100.9,0.005396311,13.16428428,87.7121,26.51926794,2.663189872,8.808462469,0.378612365,2.394171143,0.348220325,0.220164647,237.7244152,27.70110362,27.6327,3.714338335,59.09282862,1.510407541,1499.99,1264.49157,87.7121,99.9857,21.9461,17.1961,1000.02,27.7029,27.6327,100
87,5160.9,0.00539277,13.10994377,87.7548,26.49252427,2.660603679,8.813080299,0.376393759,2.404076844,0.346455002,0.219025467,237.7261096,27.78872737,27.7514,3.740189323,59.31377631,1.516813468,1500,1264.500045,87.7548,99.9793,22.1389,17.393,1000.03,27.7894,27.7514,100
88,5220.9,0.005369382,13.13534564,87.708,25.58499722,2.569194609,8.807463172,0.371450381,2.402961839,0.342247803,0.216336973,237.7261096,27.93052709,27.93,3.77938139,59.58839221,1.528109934,1500,1264.500045,87.708,99.9539,22.419,17.6948,999.98,27.9239,27.93,100
89,5280.9,0.005395778,13.32033272,87.5661,25.15244799,2.525865797,8.793586099,0.375126429,2.396709328,0.345296758,0.218292543,237.7246344,28.09727445,28.1564,3.829577367,60.47741023,1.521291268,1499.99,1264.49166,87.5661,99.9797,22.9858,18.2412,999.995,28.0989,28.1564,100
90,5340.9,0.00538467,13.40182257,87.4804,26.28661087,2.639764998,8.784993208,0.385673751,2.398718859,0.354242429,0.224011647,237.7260052,28.12475753,28.1277,3.823182165,61.3162857,1.479604135,1500,1264.500216,87.4804,99.9665,23.3372,18.6039,999.959,28.1229,28.1277,100
91,5400.9,0.005515944,13.46541283,87.4718,27.43116301,2.754632068,8.783901186,0.395882834,2.403847853,0.362905983,0.229549729,237.726,28.05740013,28.0846,3.813595723,61.15959731,1.479598424,1500,1264.5,87.4718,100.025,23.2424,18.3934,999.993,28.0965,28.0846,100
92,5460.9,0.005566315,13.44498524,87.4086,26.81336832,2.69241078,8.776959839,0.391424114,2.400868166,0.359116978,0.227128152,237.72612,28.05052464,28.1075,3.818686601,60.49364569,1.508906422,1500,1264.500477,87.4086,99.9466,23.0028,18.1085,1000.03,28.1054,28.1075,100
93,5520.9,0.005561387,13.49770442,87.377,26.16674809,2.627399486,8.77351225,0.388722713,2.400929441,0.356841271,0.225671915,237.7258904,28.12196655,28.2117,3.841926148,60.64725267,1.516835453,1500,1264.499955,87.377,99.9619,23.156,18.2668,1000.03,28.1753,28.2117,100
95,5643.4,0.005469557,13.38607234,87.6079,26.11634745,2.622195125,8.796215043,0.383305953,2.401021397,0.352269951,0.222747393,237.7246344,28.30673993,28.4067,3.885748317,61.39971023,1.51033179,1499.99,1264.49166,87.6079,100.086,23.6585,18.8526,1000.05,28.3314,28.4067,100
96,5703.4,0.005294845,13.41204778,87.4816,23.80212323,2.389952199,8.783957646,0.369434359,2.403389768,0.340539419,0.215244589,237.7260626,28.49767312,28.5893,3.927178493,61.93718619,1.511895384,1500,1264.500347,87.4816,99.9687,24.0544,19.4039,1000.05,28.4678,28.5893,100
97,5763.4,0.005256123,13.46892644,87.4625,23.16096496,2.32573954,8.782664924,0.367112089,2.404077012,0.338571724,0.213986364,237.7245248,28.59772681,28.6794,3.947762883,62.21201279,1.509332597,1499.99,1264.491615,87.4625,99.9979,24.2832,19.6677,1000.03,28.5558,28.6794,100
98,5823.5,0.005379774,13.43315544,87.4593,25.50260601,2.560793662,8.782052353,0.381492245,2.393702092,0.350650739,0.221719548,237.725953,28.50259302,28.5501,3.918252062,62.10785832,1.491891953,1500,1264.500302,87.4593,99.9726,24.1638,19.439,1000,28.4992,28.5501,100
99,5883.5,0.005354919,13.4046992,87.4784,25.97200695,2.607868697,8.783771753,0.383519922,2.403420287,0.352479087,0.222878589,237.7260626,28.39633475,28.4134,3.887261718,62.08972098,1.477624621,1500,1264.500347,87.4784,99.9643,23.9978,19.294,999.994,28.3852,28.4134,100
100,5943.5,0.005412453,13.40430207,87.5226,26.12687834,2.623134692,8.787255999,0.384409258,2.399816821,0.353187816,0.223335811,237.7261096,28.28657765,28.3134,3.864726998,61.49742705,1.490782561,1500,1264.500045,87.5226,100.013,23.6449,18.8888,999.985,28.2934,28.3134,100
101,6003.5,0.005399662,13.42247229,87.5003,25.47699275,2.557975726,8.785324296,0.380682354,2.400929679,0.350050514,0.221327957,237.726,28.27087406,28.3196,3.86612083,61.34693969,1.500697944,1500,1264.5,87.5003,100.006,23.5592,18.8139,999.98,28.2737,28.3196,100
102,6063.5,0.005416421,13.44622746,87.4699,25.17919422,2.528135779,8.782480562,0.379631656,2.401051893,0.349162845,0.220760139,237.7259582,28.3026411,28.3882,3.881572194,61.39890703,1.509044659,1500,1264.500518,87.4699,99.9974,23.6294,18.87,1000.04,28.3107,28.3882,100
103,6123.5,0.005405904,13.4803132,87.4389,24.71015554,2.480859957,8.778725221,0.377682242,2.405237492,0.347560246,0.219730952,237.7245248,28.34802258,28.4663,3.89922887,61.61025905,1.512698782,1499.99,1264.491615,87.4389,99.9967,23.7706,19.0209,999.992,28.3528,28.4663,100
104,6183.5,0.005415284,13.57540005,87.363,24.22247999,2.43171177,8.770432899,0.377819974,2.402458237,0.347645055,0.219788079,237.7244152,28.39998977,28.5496,3.918138319,61.85281225,1.514554014,1499.99,1264.49157,87.363,100.007,23.9423,19.1851,999.972,28.4077,28.5496,100
105,6243.5,0.00543387,13.6438069,87.3194,24.16938693,2.426427595,8.766221596,0.379722546,2.407541448,0.349314891,0.220850543,237.7239141,28.45791335,28.6248,3.935277677,62.12325478,1.512232001,1499.99,1264.491044,87.3194,100.026,24.1357,19.3632,999.989,28.4714,28.6248,100
106,6303.5,0.005455613,13.72759137,87.2193,24.17604102,2.427183689,8.756490037,0.38302952,2.396506367,0.351983005,0.222568701,237.726,28.49827193,28.6634,3.944100641,62.32147416,1.506650535,1500,1264.5,87.2193,100.002,24.2783,19.4876,1000.03,28.5186,28.6634,100
107,6363.5,0.005513274,13.81959131,87.1545,25.63507197,2.573559811,8.749627027,0.396186564,2.4007467,0.363122502,0.22969185,237.7261096,28.39129914,28.479,3.90210667,62.34756519,1.476210848,1500,1264.500045,87.1545,100.025,24.1642,19.322,999.968,28.4296,28.479,100
108,6423.5,0.005681015,13.81878299,87.1566,27.50518379,2.761293508,8.749803511,0.410101668,2.3952008,0.374710796,0.237118941,237.7275848,28.16332616,28.2044,3.840294032,61.41312627,1.47500419,1500.01,1264.50843,87.1566,100.039,23.5606,18.5682,1000.01,28.2542,28.2044,100
109,6483.5,0.005706635,13.87367275,87.0333,27.30599873,2.740948928,8.736315882,0.411182259,2.401801522,0.375702017,0.237745868,237.7276945,28.00734584,28.0015,3.795171531,60.67820398,1.478263536,1500.01,1264.508475,87.0333,99.9668,23.0816,18.0641,999.985,28.106,28.0015,100
110,6543.5,0.005797326,13.94665396,87.0007,27.54733409,2.76510465,8.73282472,0.415776617,2.396982225,0.379470398,0.240166219,237.7276945,27.89808845,27.9204,3.777265686,60.25932535,1.487146,1500.01,1264.508475,87.0007,100.007,22.8153,17.7166,999.971,28.0253,27.9204,100
111,6603.5,0.005784335,13.99458811,86.9333,26.66312718,2.676357385,8.726079947,0.410956633,2.405008361,0.375556426,0.237648697,237.7256451,27.88141216,27.9221,3.777640267,60.02131967,1.499369664,1500,1264.498785,86.9333,99.9814,22.6972,17.6093,999.969,28.0042,27.9221,100
112,6663.5,0.00579761,14.00234766,86.9249,26.54872008,2.664612893,8.724383267,0.410484035,2.401037867,0.375108433,0.23736655,237.7262192,27.89958636,27.9636,3.786794499,60.05245153,1.50435069,1500,1264.50009,86.9249,99.9806,22.741,17.6418,999.998,28.0267,27.9636,100
113,6723.5,0.005822406,14.04915495,86.8527,26.20340383,2.629862831,8.716832705,0.409959325,2.399252791,0.374646108,0.237072565,237.726,27.93395309,28.017,3.79860215,60.00163998,1.512474329,1500,1264.5,86.8527,99.9518,22.7785,17.6578,1000.02,28.0689,28.017,100
114,6783.5,0.005807444,14.1206072,86.8196,25.8056794,2.589951711,8.713530385,0.409479434,2.396098743,0.374202937,0.236792515,237.7262192,28.00168029,28.0877,3.814284535,60.25289542,1.510116199,1500,1264.50009,86.8196,99.9814,22.9582,17.8517,1000.04,28.1321,28.0877,100
115,6843.5,0.00582996,14.16814427,86.7683,25.73862399,2.583140529,8.708107803,0.410773301,2.40158805,0.375357491,0.237525425,237.7243107,28.07321884,28.1773,3.83424037,60.47645095,1.51095559,1499.99,1264.491741,86.7683,99.9749,23.1494,18.0239,1000,28.2104,28.1773,100
116,6903.5,0.005906812,14.19757933,86.7198,26.45396456,2.654787852,8.702766309,0.417618524,2.394239618,0.380967068,0.241128781,237.7255563,28.07678404,28.1705,3.832722678,60.40885676,1.508249782,1500,1264.499604,86.7198,99.9589,23.1625,17.9694,999.98,28.2384,28.1705,100
117,6963.5,0.005868374,14.24189311,86.691,27.11185533,2.720701333,8.699527067,0.424072148,2.404138133,0.386474559,0.244646211,237.7276945,27.99728659,28.0307,3.801636626,60.73116869,1.477256982,1500.01,1264.508475,86.691,99.9663,23.1625,18.0034,1000.02,28.1463,28.0307,100
118,7023.5,0.005992051,14.23714534,86.7032,27.97687484,2.807739687,8.701472807,0.43097666,2.399479212,0.392136663,0.248282686,237.7271934,27.81184851,27.8457,3.760838137,59.90834576,1.487438968,1500.01,1264.507948,86.7032,99.9845,22.6526,17.3818,999.978,27.9998,27.8457,100
119,7083.5,0.006046113,14.295725,86.6821,27.75257691,2.785001871,8.698644865,0.431322197,2.398783952,0.392412714,0.248460648,237.7275274,27.71198702,27.8062,3.752176772,59.63917596,1.499906516,1500.01,1264.508299,86.6821,100.02,22.4439,17.1245,999.995,27.9169,27.8062,100
